x2,x4,x6,x2_Error,x4_Error,x6_Error
2.164903,7.922555,12.32949,0.5,0.5,0.5
