SN112EK42.5,SN112EK47.5,SN112EK52.5,SN112EK57.5,SN112EK62.5,SN112EK67.5,SN112EK72.5,SN112EK77.5,SN112EK82.5,SN112EK87.5,SN124EK42.5,SN124EK47.5,SN124EK52.5,SN124EK57.5,SN124EK62.5,SN124EK67.5,SN124EK72.5,SN124EK77.5,SN124EK82.5,SN124EK87.5,DREK12.5,DREK17.5,DREK22.5,DREK27.5,DREK32.5,DREK37.5,DREK42.5,DREK47.5,DREK52.5,DREK60.0,DREK70.0,DREK80.0,DREK87.5,SN112EK42.5_Error,SN112EK47.5_Error,SN112EK52.5_Error,SN112EK57.5_Error,SN112EK62.5_Error,SN112EK67.5_Error,SN112EK72.5_Error,SN112EK77.5_Error,SN112EK82.5_Error,SN112EK87.5_Error,SN124EK42.5_Error,SN124EK47.5_Error,SN124EK52.5_Error,SN124EK57.5_Error,SN124EK62.5_Error,SN124EK67.5_Error,SN124EK72.5_Error,SN124EK77.5_Error,SN124EK82.5_Error,SN124EK87.5_Error,DREK12.5_Error,DREK17.5_Error,DREK22.5_Error,DREK27.5_Error,DREK32.5_Error,DREK37.5_Error,DREK42.5_Error,DREK47.5_Error,DREK52.5_Error,DREK60.0_Error,DREK70.0_Error,DREK80.0_Error,DREK87.5_Error
0.936901,0.896023,0.859548,0.825342,0.793403,0.76447,0.738544,0.715676,0.695867,0.676132,1.23968,1.20365,1.04131,1.01044,0.982486,0.960889,0.945648,0.926985,0.9049,0.882566,0.859982,0.841802,1.37649,1.36887,1.36645,1.36091,1.35223,1.34875,1.35046,1.35099,1.35033,1.35433,1.18289,1.19827,1.21831,1.24079,1.26569,1.29297,1.32261,1.35548,1.39158,1.42329,1.47436,1.55123,1.6093,0.0050525,0.0054995,0.0059785,0.00654975,0.00721325,0.007907,0.008631,0.0094345,0.0103175,0.0113157,0.006322,0.0070495,0.0078725,0.00876,0.009712,0.0108413,0.0121477,0.0135712,0.0151118,0.016962,0.00445346,0.00468982,0.00521979,0.00590079,0.00673282,0.00772205,0.00886849,0.0101944,0.0116998,0.0141564,0.0183757,0.0242009,0.0296426
