SN112EK42.5,SN112EK47.5,SN112EK52.5,SN112EK57.5,SN112EK62.5,SN112EK67.5,SN112EK72.5,SN112EK77.5,SN112EK82.5,SN112EK87.5,SN124EK42.5,SN124EK47.5,SN124EK52.5,SN124EK57.5,SN124EK62.5,SN124EK67.5,SN124EK72.5,SN124EK77.5,SN124EK82.5,SN124EK87.5,DREK12.5,DREK17.5,DREK22.5,DREK27.5,DREK32.5,DREK37.5,DREK42.5,DREK47.5,DREK52.5,DREK60.0,DREK70.0,DREK80.0,DREK87.5,SN112EK42.5_Error,SN112EK47.5_Error,SN112EK52.5_Error,SN112EK57.5_Error,SN112EK62.5_Error,SN112EK67.5_Error,SN112EK72.5_Error,SN112EK77.5_Error,SN112EK82.5_Error,SN112EK87.5_Error,SN124EK42.5_Error,SN124EK47.5_Error,SN124EK52.5_Error,SN124EK57.5_Error,SN124EK62.5_Error,SN124EK67.5_Error,SN124EK72.5_Error,SN124EK77.5_Error,SN124EK82.5_Error,SN124EK87.5_Error,DREK12.5_Error,DREK17.5_Error,DREK22.5_Error,DREK27.5_Error,DREK32.5_Error,DREK37.5_Error,DREK42.5_Error,DREK47.5_Error,DREK52.5_Error,DREK60.0_Error,DREK70.0_Error,DREK80.0_Error,DREK87.5_Error
1.015,0.986045,0.963484,0.944756,0.92986,0.917536,0.907782,0.897677,0.887219,0.874382,1.35207,1.34329,1.3371,1.33699,1.34297,1.34737,1.35019,1.35364,1.35773,1.36383,1.17807,1.19447,1.21585,1.24038,1.26805,1.29892,1.33298,1.36274,1.38822,1.43007,1.47806,1.51933,1.56025,0.00478975,0.00522175,0.00570725,0.00625,0.00685,0.007542,0.008326,0.00919025,0.0101347,0.0111772,0.006053,0.00673,0.00748,0.00835625,0.00935875,0.0104595,0.0116585,0.0130033,0.0144937,0.0162573,0.00430322,0.0045394,0.00506627,0.00574553,0.00657718,0.00756351,0.00870453,0.00996341,0.0113402,0.0137955,0.0176962,0.0225867,0.0273457
