SN112EK42.5,SN112EK47.5,SN112EK52.5,SN112EK57.5,SN112EK62.5,SN112EK67.5,SN112EK72.5,SN112EK77.5,SN112EK82.5,SN112EK87.5,SN124EK42.5,SN124EK47.5,SN124EK52.5,SN124EK57.5,SN124EK62.5,SN124EK67.5,SN124EK72.5,SN124EK77.5,SN124EK82.5,SN124EK87.5,DREK12.5,DREK17.5,DREK22.5,DREK27.5,DREK32.5,DREK37.5,DREK42.5,DREK47.5,DREK52.5,DREK60.0,DREK70.0,DREK80.0,DREK87.5,SN112EK42.5_Error,SN112EK47.5_Error,SN112EK52.5_Error,SN112EK57.5_Error,SN112EK62.5_Error,SN112EK67.5_Error,SN112EK72.5_Error,SN112EK77.5_Error,SN112EK82.5_Error,SN112EK87.5_Error,SN124EK42.5_Error,SN124EK47.5_Error,SN124EK52.5_Error,SN124EK57.5_Error,SN124EK62.5_Error,SN124EK67.5_Error,SN124EK72.5_Error,SN124EK77.5_Error,SN124EK82.5_Error,SN124EK87.5_Error,DREK12.5_Error,DREK17.5_Error,DREK22.5_Error,DREK27.5_Error,DREK32.5_Error,DREK37.5_Error,DREK42.5_Error,DREK47.5_Error,DREK52.5_Error,DREK60.0_Error,DREK70.0_Error,DREK80.0_Error,DREK87.5_Error
0.936901,0.896023,0.859548,0.825342,0.793403,0.76447,0.738544,0.715676,0.695867,0.676132,1.23968,1.20365,1.16987,1.13928,1.11188,1.07975,1.04287,1.01441,0.994348,0.968199,1.18183,1.20123,1.22547,1.25091,1.27755,1.3019,1.32397,1.34386,1.36159,1.39152,1.41223,1.42341,1.43183,0.0043105,0.00458625,0.00488275,0.00520275,0.00554625,0.00593075,0.00635625,0.00683425,0.00736475,0.00793725,0.0053385,0.005751,0.006191,0.00667225,0.00719475,0.007704,0.0082,0.008825,0.009579,0.0103108,0.0043322,0.00458722,0.00511667,0.00576654,0.00653685,0.00740783,0.00837949,0.00944664,0.0106093,0.012665,0.0157147,0.0194318,0.0227432
