SN112EK42.5,SN112EK47.5,SN112EK52.5,SN112EK57.5,SN112EK62.5,SN112EK67.5,SN112EK72.5,SN112EK77.5,SN112EK82.5,SN112EK87.5,SN124EK42.5,SN124EK47.5,SN124EK52.5,SN124EK57.5,SN124EK62.5,SN124EK67.5,SN124EK72.5,SN124EK77.5,SN124EK82.5,SN124EK87.5,DREK12.5,DREK17.5,DREK22.5,DREK27.5,DREK32.5,DREK37.5,DREK42.5,DREK47.5,DREK52.5,DREK60.0,DREK70.0,DREK80.0,DREK87.5,SN112EK42.5_Error,SN112EK47.5_Error,SN112EK52.5_Error,SN112EK57.5_Error,SN112EK62.5_Error,SN112EK67.5_Error,SN112EK72.5_Error,SN112EK77.5_Error,SN112EK82.5_Error,SN112EK87.5_Error,SN124EK42.5_Error,SN124EK47.5_Error,SN124EK52.5_Error,SN124EK57.5_Error,SN124EK62.5_Error,SN124EK67.5_Error,SN124EK72.5_Error,SN124EK77.5_Error,SN124EK82.5_Error,SN124EK87.5_Error,DREK12.5_Error,DREK17.5_Error,DREK22.5_Error,DREK27.5_Error,DREK32.5_Error,DREK37.5_Error,DREK42.5_Error,DREK47.5_Error,DREK52.5_Error,DREK60.0_Error,DREK70.0_Error,DREK80.0_Error,DREK87.5_Error
0.95862,0.915673,0.88018,0.843684,0.806188,0.775224,0.750794,0.72949,0.711313,0.686722,1.2842,1.24084,1.19284,1.15067,1.11432,1.08327,1.05752,1.0277,0.99382,0.967906,1.19698,1.21491,1.23067,1.25338,1.28304,1.31217,1.34076,1.35512,1.35523,1.37366,1.40322,1.40276,1.41079,0.0045155,0.0048075,0.0051445,0.00547675,0.00580425,0.00619625,0.00665275,0.00717625,0.00776675,0.0083565,0.005692,0.00609825,0.00649275,0.006929,0.007407,0.007961,0.008591,0.009248,0.009932,0.0107125,0.00455574,0.0047897,0.0052809,0.00593097,0.00673991,0.00766751,0.00871377,0.00977682,0.0108567,0.0128675,0.0161001,0.0197606,0.0233287
