RE35Y0.0,RE35Y0.2,RE35Y0.4,RE35Y0.6,RE35Y0.8,RE35Y1.0,RE35Y0.0_Error,RE35Y0.2_Error,RE35Y0.4_Error,RE35Y0.6_Error,RE35Y0.8_Error,RE35Y1.0_Error
0.013000000000000001,0.163,0.242,0.26,0.33299999999999996,0.32899999999999996,0.03,0.02,0.02,0.03,0.03,0.035
